"Filename","Extension","Size_KB","RelativePath","LastModified"
"LEBW4993-04_Generator_systems.pdf",".pdf","1079.4","C:\Users\haswa.HASWANTH\Downloads\et_data\datasets\02_Equipment_Specifications\Generator\LEBW4993-04_Generator_systems.pdf","2026-06-24 20:47:16"
"Specifying Standby Generator Set Requirements for Data Centers 2022-08-10.pdf",".pdf","2634.68","C:\Users\haswa.HASWANTH\Downloads\et_data\datasets\02_Equipment_Specifications\Generator\Specifying Standby Generator Set Requirements for Data Centers 2022-08-10.pdf","2026-06-24 20:46:19"
"Automatic Transfer Switches Brochure.pdf",".pdf","1993.97","C:\Users\haswa.HASWANTH\Downloads\et_data\datasets\02_Equipment_Specifications\Switchgear\Automatic Transfer Switches Brochure.pdf","2026-06-24 21:07:48"
"Technical_Note_178_AutomaticTransferSwitch_Technology_Drives.pdf",".pdf","324.45","C:\Users\haswa.HASWANTH\Downloads\et_data\datasets\02_Equipment_Specifications\Switchgear\Technical_Note_178_AutomaticTransferSwitch_Technology_Drives.pdf","2026-06-24 20:49:14"
"ABB_UPS_ISG_MGF_SUL_1M0_1M6_1US_REV-B.pdf",".pdf","18525.03","C:\Users\haswa.HASWANTH\Downloads\et_data\datasets\02_Equipment_Specifications\UPS\ABB_UPS_ISG_MGF_SUL_1M0_1M6_1US_REV-B.pdf","2026-06-24 20:28:48"
"eaton-93e-ups-15-80-kva-installation-and-operation-manual-614-01975-00-en.pdf",".pdf","3533.43","C:\Users\haswa.HASWANTH\Downloads\et_data\datasets\02_Equipment_Specifications\UPS\eaton-93e-ups-15-80-kva-installation-and-operation-manual-614-01975-00-en.pdf","2026-06-24 20:30:36"
"UPSBikaner_1b362a61-e126-4f9c-96871714483017301_buycon165.cb.rj.pdf",".pdf","438.82","C:\Users\haswa.HASWANTH\Downloads\et_data\datasets\02_Equipment_Specifications\UPS\UPSBikaner_1b362a61-e126-4f9c-96871714483017301_buycon165.cb.rj.pdf","2026-06-24 20:29:09"
"eaton-93t-ups-commissioning-instructions-en-us.pdf",".pdf","3615.3","C:\Users\haswa.HASWANTH\Downloads\et_data\datasets\03_Commissioning\UPS\eaton-93t-ups-commissioning-instructions-en-us.pdf","2026-06-24 20:29:02"
"uninterruptible-power-supply-battery-acceptance-capacity-test-procedure.pdf",".pdf","525.58","C:\Users\haswa.HASWANTH\Downloads\et_data\datasets\03_Commissioning\UPS\uninterruptible-power-supply-battery-acceptance-capacity-test-procedure.pdf","2026-06-24 20:33:42"
"Data Center RFI Response - Geothermal Rising.pdf",".pdf","247.19","C:\Users\haswa.HASWANTH\Downloads\et_data\datasets\04_Project_Communications\RFIs\Data Center RFI Response - Geothermal Rising.pdf","2026-06-24 19:54:08"
"Grid-Action-Data-Center-RFI-Response-05-07-25.pdf",".pdf","137.05","C:\Users\haswa.HASWANTH\Downloads\et_data\datasets\04_Project_Communications\RFIs\Grid-Action-Data-Center-RFI-Response-05-07-25.pdf","2026-06-24 19:54:18"
"Impact & Control of RFIs on Construction Projects.pdf",".pdf","416.27","C:\Users\haswa.HASWANTH\Downloads\et_data\datasets\04_Project_Communications\RFIs\Impact & Control of RFIs on Construction Projects.pdf","2026-06-24 20:24:54"
"Questions and Answers_3.pdf",".pdf","229.18","C:\Users\haswa.HASWANTH\Downloads\et_data\datasets\04_Project_Communications\RFIs\Questions and Answers_3.pdf","2026-06-24 19:21:41"
"RFI 10887-25 Questions and Answers 12.1.25.pdf",".pdf","156.36","C:\Users\haswa.HASWANTH\Downloads\et_data\datasets\04_Project_Communications\RFIs\RFI 10887-25 Questions and Answers 12.1.25.pdf","2026-06-24 19:21:51"
"RFI 10887-25 Questions and Answers 12.8.25.pdf",".pdf","198.59","C:\Users\haswa.HASWANTH\Downloads\et_data\datasets\04_Project_Communications\RFIs\RFI 10887-25 Questions and Answers 12.8.25.pdf","2026-06-24 19:46:55"
"rfi for cloud adoption.pdf",".pdf","366.06","C:\Users\haswa.HASWANTH\Downloads\et_data\datasets\04_Project_Communications\RFIs\rfi for cloud adoption.pdf","2026-06-24 19:50:46"
"RFI to Inform Public Bids to Construct AI Infrastructure (website copy).pdf",".pdf","3176.37","C:\Users\haswa.HASWANTH\Downloads\et_data\datasets\04_Project_Communications\RFIs\RFI to Inform Public Bids to Construct AI Infrastructure (website copy).pdf","2026-06-24 20:05:32"
"RFI-Template-for-PCI-3.0.pdf",".pdf","995.42","C:\Users\haswa.HASWANTH\Downloads\et_data\datasets\04_Project_Communications\RFIs\RFI-Template-for-PCI-3.0.pdf","2026-06-24 19:51:30"
"RFI_.pdf",".pdf","34","C:\Users\haswa.HASWANTH\Downloads\et_data\datasets\04_Project_Communications\RFIs\RFI_.pdf","2026-06-24 19:52:02"
"rfi_quick_reference_guide.pdf",".pdf","419.99","C:\Users\haswa.HASWANTH\Downloads\et_data\datasets\04_Project_Communications\RFIs\rfi_quick_reference_guide.pdf","2026-06-24 19:51:09"
"SIIA-RFI-Response-–-Accelerating-Speed-to-Power.pdf",".pdf","582.8","C:\Users\haswa.HASWANTH\Downloads\et_data\datasets\04_Project_Communications\RFIs\SIIA-RFI-Response-–-Accelerating-Speed-to-Power.pdf","2026-06-24 20:09:50"
"TR-524_RFI_Template_for_Migration_to__SDN.pdf",".pdf","4969.06","C:\Users\haswa.HASWANTH\Downloads\et_data\datasets\04_Project_Communications\RFIs\TR-524_RFI_Template_for_Migration_to__SDN.pdf","2026-06-24 19:51:46"
"ASCO-load-bank-utilization-in-data-centers-wp-en-na_144401_0.pdf",".pdf","1147.34","C:\Users\haswa.HASWANTH\Downloads\et_data\datasets\12_Research_Papers\ASCO-load-bank-utilization-in-data-centers-wp-en-na_144401_0.pdf","2026-06-24 20:43:47"
"ComRent-White-Paper.pdf",".pdf","418.33","C:\Users\haswa.HASWANTH\Downloads\et_data\datasets\12_Research_Papers\ComRent-White-Paper.pdf","2026-06-24 20:44:09"
"DataCenter-WhitePaper.pdf",".pdf","1494.71","C:\Users\haswa.HASWANTH\Downloads\et_data\datasets\12_Research_Papers\DataCenter-WhitePaper.pdf","2026-06-24 19:54:30"
"Load-Bank-Use-in-Data-Centers-2022-r2.pdf",".pdf","2485.56","C:\Users\haswa.HASWANTH\Downloads\et_data\datasets\12_Research_Papers\Load-Bank-Use-in-Data-Centers-2022-r2.pdf","2026-06-24 20:43:30"
"MarkSiira.pdf",".pdf","878.63","C:\Users\haswa.HASWANTH\Downloads\et_data\datasets\12_Research_Papers\MarkSiira.pdf","2026-06-24 20:44:44"
"Rentaload-White-Paper-March-2019.pdf",".pdf","441","C:\Users\haswa.HASWANTH\Downloads\et_data\datasets\12_Research_Papers\Rentaload-White-Paper-March-2019.pdf","2026-06-24 20:44:25"
"SERBCA-Tech-Summit-2019.pdf",".pdf","3082.41","C:\Users\haswa.HASWANTH\Downloads\et_data\datasets\12_Research_Papers\SERBCA-Tech-Summit-2019.pdf","2026-06-24 21:07:19"
"1643004902.pdf",".pdf","551.29","C:\Users\haswa.HASWANTH\Downloads\et_data\datasets\14_Unclassified\1643004902.pdf","2026-06-24 20:49:27"
"1709616080.pdf",".pdf","760.71","C:\Users\haswa.HASWANTH\Downloads\et_data\datasets\14_Unclassified\1709616080.pdf","2026-06-24 20:33:18"
"53390-le15465aa-rev03-en.pdf",".pdf","1553.56","C:\Users\haswa.HASWANTH\Downloads\et_data\datasets\14_Unclassified\53390-le15465aa-rev03-en.pdf","2026-06-24 20:30:14"
"87b400bd21c09c89710be2c5f7ca37f7.pdf",".pdf","4637.11","C:\Users\haswa.HASWANTH\Downloads\et_data\datasets\14_Unclassified\87b400bd21c09c89710be2c5f7ca37f7.pdf","2026-06-24 20:32:31"
"e193content.pdf",".pdf","348.17","C:\Users\haswa.HASWANTH\Downloads\et_data\datasets\14_Unclassified\e193content.pdf","2026-06-24 20:33:01"
"e210.pdf",".pdf","416.94","C:\Users\haswa.HASWANTH\Downloads\et_data\datasets\14_Unclassified\e210.pdf","2026-06-24 20:38:23"
"ml11229a127.pdf",".pdf","9851.25","C:\Users\haswa.HASWANTH\Downloads\et_data\datasets\14_Unclassified\ml11229a127.pdf","2026-06-24 20:38:58"
"1-3ef340648f.jpg",".jpg","91.76","C:\Users\haswa.HASWANTH\Downloads\et_data\datasets\15_Web_Assets\1-3ef340648f.jpg","2026-06-24 21:11:05"
"1155.9df2deb79ebc8fc8297c.css",".css","150.23","C:\Users\haswa.HASWANTH\Downloads\et_data\datasets\15_Web_Assets\1155.9df2deb79ebc8fc8297c.css","2026-06-24 21:10:46"
"1282.37da8d2496732c17626a.js.download",".download","4.49","C:\Users\haswa.HASWANTH\Downloads\et_data\datasets\15_Web_Assets\1282.37da8d2496732c17626a.js.download","2026-06-24 21:10:58"
"1386.aba098bac7d6f1821021.js.download",".download","0.33","C:\Users\haswa.HASWANTH\Downloads\et_data\datasets\15_Web_Assets\1386.aba098bac7d6f1821021.js.download","2026-06-24 21:10:58"
"1428.4d3e3a89666a762168e8.js.download",".download","16.83","C:\Users\haswa.HASWANTH\Downloads\et_data\datasets\15_Web_Assets\1428.4d3e3a89666a762168e8.js.download","2026-06-24 21:10:54"
"1464.8d7ad6d25a386e91f503.js.download",".download","16.28","C:\Users\haswa.HASWANTH\Downloads\et_data\datasets\15_Web_Assets\1464.8d7ad6d25a386e91f503.js.download","2026-06-24 21:10:54"
"1827.b296017ace7c6674f5f5.js.download",".download","119.35","C:\Users\haswa.HASWANTH\Downloads\et_data\datasets\15_Web_Assets\1827.b296017ace7c6674f5f5.js.download","2026-06-24 21:10:58"
"1940.b7ee934cc83666698451.js.download",".download","16.43","C:\Users\haswa.HASWANTH\Downloads\et_data\datasets\15_Web_Assets\1940.b7ee934cc83666698451.js.download","2026-06-24 21:10:51"
"2072.ef903f29b16bd746af38.js.download",".download","6.07","C:\Users\haswa.HASWANTH\Downloads\et_data\datasets\15_Web_Assets\2072.ef903f29b16bd746af38.js.download","2026-06-24 21:10:59"
"2139.67b1ce8a69366e6f78af.css",".css","42.27","C:\Users\haswa.HASWANTH\Downloads\et_data\datasets\15_Web_Assets\2139.67b1ce8a69366e6f78af.css","2026-06-24 21:10:48"
"2157.40f56f6dc97cadb91f7c.css",".css","11.24","C:\Users\haswa.HASWANTH\Downloads\et_data\datasets\15_Web_Assets\2157.40f56f6dc97cadb91f7c.css","2026-06-24 21:10:46"
"2183.120b723a1e2271816c77.css",".css","24.08","C:\Users\haswa.HASWANTH\Downloads\et_data\datasets\15_Web_Assets\2183.120b723a1e2271816c77.css","2026-06-24 21:10:47"
"2322.70f264c85b6d5f324d8f.js.download",".download","27.72","C:\Users\haswa.HASWANTH\Downloads\et_data\datasets\15_Web_Assets\2322.70f264c85b6d5f324d8f.js.download","2026-06-24 21:10:52"
"2422.91525003e831f5f25024.js.download",".download","198.28","C:\Users\haswa.HASWANTH\Downloads\et_data\datasets\15_Web_Assets\2422.91525003e831f5f25024.js.download","2026-06-24 21:10:58"
"253.5a473225c29748cea4ed.js.download",".download","18.98","C:\Users\haswa.HASWANTH\Downloads\et_data\datasets\15_Web_Assets\253.5a473225c29748cea4ed.js.download","2026-06-24 21:10:53"
"2667.445918039cd588929511.css",".css","39.73","C:\Users\haswa.HASWANTH\Downloads\et_data\datasets\15_Web_Assets\2667.445918039cd588929511.css","2026-06-24 21:10:47"
"2687.662739d58f8630957c57.js.download",".download","19.77","C:\Users\haswa.HASWANTH\Downloads\et_data\datasets\15_Web_Assets\2687.662739d58f8630957c57.js.download","2026-06-24 21:11:00"
"2787.044dd507fc18ab5e16fd.css",".css","58.04","C:\Users\haswa.HASWANTH\Downloads\et_data\datasets\15_Web_Assets\2787.044dd507fc18ab5e16fd.css","2026-06-24 21:10:46"
"2870.0539c453f183ce7203b0.js.download",".download","0.69","C:\Users\haswa.HASWANTH\Downloads\et_data\datasets\15_Web_Assets\2870.0539c453f183ce7203b0.js.download","2026-06-24 21:10:56"
"2883.c83a4d9483b27008b534.js.download",".download","17","C:\Users\haswa.HASWANTH\Downloads\et_data\datasets\15_Web_Assets\2883.c83a4d9483b27008b534.js.download","2026-06-24 21:10:59"
"2891.2b70a09fdb7a4002a1e0.js.download",".download","19.06","C:\Users\haswa.HASWANTH\Downloads\et_data\datasets\15_Web_Assets\2891.2b70a09fdb7a4002a1e0.js.download","2026-06-24 21:10:53"
"3045.6dffd33c0ecbf538962c.css",".css","36.37","C:\Users\haswa.HASWANTH\Downloads\et_data\datasets\15_Web_Assets\3045.6dffd33c0ecbf538962c.css","2026-06-24 21:10:45"
"3106.31d6cfe0d16ae931b73c.css",".css","0","C:\Users\haswa.HASWANTH\Downloads\et_data\datasets\15_Web_Assets\3106.31d6cfe0d16ae931b73c.css","2026-06-24 21:10:47"
"3264.165e9869e35f6e4bd9a4.js.download",".download","9.45","C:\Users\haswa.HASWANTH\Downloads\et_data\datasets\15_Web_Assets\3264.165e9869e35f6e4bd9a4.js.download","2026-06-24 21:10:50"
"334.c992b9e56a04a12cc5dd.js.download",".download","135.36","C:\Users\haswa.HASWANTH\Downloads\et_data\datasets\15_Web_Assets\334.c992b9e56a04a12cc5dd.js.download","2026-06-24 21:10:59"
"3342.d6761c1628336bd03b4d.js.download",".download","40.72","C:\Users\haswa.HASWANTH\Downloads\et_data\datasets\15_Web_Assets\3342.d6761c1628336bd03b4d.js.download","2026-06-24 21:10:52"
"3589.f95199b6cc51e1122265.js.download",".download","13.3","C:\Users\haswa.HASWANTH\Downloads\et_data\datasets\15_Web_Assets\3589.f95199b6cc51e1122265.js.download","2026-06-24 21:10:56"
"3622.231688cf9e7118fe60d7.js.download",".download","2.38","C:\Users\haswa.HASWANTH\Downloads\et_data\datasets\15_Web_Assets\3622.231688cf9e7118fe60d7.js.download","2026-06-24 21:10:59"
"364.3d3338bf70237bd97d86.js.download",".download","11.13","C:\Users\haswa.HASWANTH\Downloads\et_data\datasets\15_Web_Assets\364.3d3338bf70237bd97d86.js.download","2026-06-24 21:10:49"
"3664.d070dc318b4dbaac3ac5.js.download",".download","2.39","C:\Users\haswa.HASWANTH\Downloads\et_data\datasets\15_Web_Assets\3664.d070dc318b4dbaac3ac5.js.download","2026-06-24 21:10:56"
"3743.c7e3b2a8d51f72d401f9.js.download",".download","13.86","C:\Users\haswa.HASWANTH\Downloads\et_data\datasets\15_Web_Assets\3743.c7e3b2a8d51f72d401f9.js.download","2026-06-24 21:10:51"
"3772.32ee18ecc1b0db735e18.js.download",".download","16.63","C:\Users\haswa.HASWANTH\Downloads\et_data\datasets\15_Web_Assets\3772.32ee18ecc1b0db735e18.js.download","2026-06-24 21:10:54"
"3896.e0adf97f3751fc7ebd46.js.download",".download","10.91","C:\Users\haswa.HASWANTH\Downloads\et_data\datasets\15_Web_Assets\3896.e0adf97f3751fc7ebd46.js.download","2026-06-24 21:10:55"
"3952.6c83a0e531c327e5d9a9.js.download",".download","8.72","C:\Users\haswa.HASWANTH\Downloads\et_data\datasets\15_Web_Assets\3952.6c83a0e531c327e5d9a9.js.download","2026-06-24 21:10:57"
"4020.a986aa77f6c25f93ae13.css",".css","32.67","C:\Users\haswa.HASWANTH\Downloads\et_data\datasets\15_Web_Assets\4020.a986aa77f6c25f93ae13.css","2026-06-24 21:10:46"
"4058.9dbbbe390026fe778c0f.js.download",".download","9.71","C:\Users\haswa.HASWANTH\Downloads\et_data\datasets\15_Web_Assets\4058.9dbbbe390026fe778c0f.js.download","2026-06-24 21:10:51"
"4149.a7b0fdd4e83083b7e4e9.js.download",".download","4.94","C:\Users\haswa.HASWANTH\Downloads\et_data\datasets\15_Web_Assets\4149.a7b0fdd4e83083b7e4e9.js.download","2026-06-24 21:10:58"
"4221.1f3aafdf794bb2d8cf2c.js.download",".download","16.38","C:\Users\haswa.HASWANTH\Downloads\et_data\datasets\15_Web_Assets\4221.1f3aafdf794bb2d8cf2c.js.download","2026-06-24 21:10:56"
"4401.21e782546fd6c14e128d.js.download",".download","28.52","C:\Users\haswa.HASWANTH\Downloads\et_data\datasets\15_Web_Assets\4401.21e782546fd6c14e128d.js.download","2026-06-24 21:10:51"
"4563.beab5db81bc39418fd20.js.download",".download","13.35","C:\Users\haswa.HASWANTH\Downloads\et_data\datasets\15_Web_Assets\4563.beab5db81bc39418fd20.js.download","2026-06-24 21:10:51"
"4583.cc294922e72a33abf11a.js.download",".download","8.69","C:\Users\haswa.HASWANTH\Downloads\et_data\datasets\15_Web_Assets\4583.cc294922e72a33abf11a.js.download","2026-06-24 21:10:54"
"4627.2ddad72da228396cec0f.js.download",".download","14.01","C:\Users\haswa.HASWANTH\Downloads\et_data\datasets\15_Web_Assets\4627.2ddad72da228396cec0f.js.download","2026-06-24 21:10:53"
"4647.2cbfc398ae75acaec0eb.css",".css","37.24","C:\Users\haswa.HASWANTH\Downloads\et_data\datasets\15_Web_Assets\4647.2cbfc398ae75acaec0eb.css","2026-06-24 21:10:46"
"4768.ae9b8fe1c1f508e3e9cd.css",".css","32.53","C:\Users\haswa.HASWANTH\Downloads\et_data\datasets\15_Web_Assets\4768.ae9b8fe1c1f508e3e9cd.css","2026-06-24 21:10:45"
"4828.be0392f62c78db4f4fa8.js.download",".download","8.22","C:\Users\haswa.HASWANTH\Downloads\et_data\datasets\15_Web_Assets\4828.be0392f62c78db4f4fa8.js.download","2026-06-24 21:10:54"
"4962.a523890f7c7f289adb14.js.download",".download","21.35","C:\Users\haswa.HASWANTH\Downloads\et_data\datasets\15_Web_Assets\4962.a523890f7c7f289adb14.js.download","2026-06-24 21:11:00"
"5194.cc803ec3dfbedacacf33.js.download",".download","27.59","C:\Users\haswa.HASWANTH\Downloads\et_data\datasets\15_Web_Assets\5194.cc803ec3dfbedacacf33.js.download","2026-06-24 21:10:56"
"5250.f05f96ed9a1b3b4b616a.js.download",".download","69.12","C:\Users\haswa.HASWANTH\Downloads\et_data\datasets\15_Web_Assets\5250.f05f96ed9a1b3b4b616a.js.download","2026-06-24 21:10:50"
"5309.c1dde9c7fdaaec987b4a.js.download",".download","0.58","C:\Users\haswa.HASWANTH\Downloads\et_data\datasets\15_Web_Assets\5309.c1dde9c7fdaaec987b4a.js.download","2026-06-24 21:10:59"
"5327.b16b4cdcea0fef8924fe.js.download",".download","29.94","C:\Users\haswa.HASWANTH\Downloads\et_data\datasets\15_Web_Assets\5327.b16b4cdcea0fef8924fe.js.download","2026-06-24 21:10:52"
"5425.322fa49d35dfffbc7e6e.js.download",".download","17.49","C:\Users\haswa.HASWANTH\Downloads\et_data\datasets\15_Web_Assets\5425.322fa49d35dfffbc7e6e.js.download","2026-06-24 21:10:57"
"5526.ea1a990e551abf0c2827.css",".css","31.31","C:\Users\haswa.HASWANTH\Downloads\et_data\datasets\15_Web_Assets\5526.ea1a990e551abf0c2827.css","2026-06-24 21:10:47"
"5644.42d6041928a3300b4b75.css",".css","94.52","C:\Users\haswa.HASWANTH\Downloads\et_data\datasets\15_Web_Assets\5644.42d6041928a3300b4b75.css","2026-06-24 21:10:45"
"5791.964551ed2862cde44493.js.download",".download","17.29","C:\Users\haswa.HASWANTH\Downloads\et_data\datasets\15_Web_Assets\5791.964551ed2862cde44493.js.download","2026-06-24 21:10:53"
"5914.94b08a02a90700ccbf56.js.download",".download","34.98","C:\Users\haswa.HASWANTH\Downloads\et_data\datasets\15_Web_Assets\5914.94b08a02a90700ccbf56.js.download","2026-06-24 21:10:57"
"5973.e6a03e136017cfad5b70.js.download",".download","9.46","C:\Users\haswa.HASWANTH\Downloads\et_data\datasets\15_Web_Assets\5973.e6a03e136017cfad5b70.js.download","2026-06-24 21:10:50"
"6090.4a822350b47d7405dc1c.js.download",".download","4.47","C:\Users\haswa.HASWANTH\Downloads\et_data\datasets\15_Web_Assets\6090.4a822350b47d7405dc1c.js.download","2026-06-24 21:10:56"
"6248.3ed86870ac342c5e499f.js.download",".download","14.77","C:\Users\haswa.HASWANTH\Downloads\et_data\datasets\15_Web_Assets\6248.3ed86870ac342c5e499f.js.download","2026-06-24 21:10:53"
"6338.70e981725b7f0b437b2b.js.download",".download","0.35","C:\Users\haswa.HASWANTH\Downloads\et_data\datasets\15_Web_Assets\6338.70e981725b7f0b437b2b.js.download","2026-06-24 21:10:49"
"6644.7cc9438c1491e9c7a5e1.css",".css","2.17","C:\Users\haswa.HASWANTH\Downloads\et_data\datasets\15_Web_Assets\6644.7cc9438c1491e9c7a5e1.css","2026-06-24 21:10:47"
"6644.ec03b8f39da0e30f06cb.js.download",".download","8.29","C:\Users\haswa.HASWANTH\Downloads\et_data\datasets\15_Web_Assets\6644.ec03b8f39da0e30f06cb.js.download","2026-06-24 21:10:58"
"6657.c6f11cfca55cdea856d1.js.download",".download","12.54","C:\Users\haswa.HASWANTH\Downloads\et_data\datasets\15_Web_Assets\6657.c6f11cfca55cdea856d1.js.download","2026-06-24 21:10:50"
"6799.933ca866434f472e5875.css",".css","49.69","C:\Users\haswa.HASWANTH\Downloads\et_data\datasets\15_Web_Assets\6799.933ca866434f472e5875.css","2026-06-24 21:10:45"
"7111.e3ff5c966605aa0389d8.css",".css","29.39","C:\Users\haswa.HASWANTH\Downloads\et_data\datasets\15_Web_Assets\7111.e3ff5c966605aa0389d8.css","2026-06-24 21:10:47"
"7470.e69e66697ebec51461d7.js.download",".download","25.33","C:\Users\haswa.HASWANTH\Downloads\et_data\datasets\15_Web_Assets\7470.e69e66697ebec51461d7.js.download","2026-06-24 21:10:51"
"7555.bfada0f6fbe8dd39f2c1.js.download",".download","16.22","C:\Users\haswa.HASWANTH\Downloads\et_data\datasets\15_Web_Assets\7555.bfada0f6fbe8dd39f2c1.js.download","2026-06-24 21:10:53"
"7603.55541f2a2b43fafe14ba.js.download",".download","4.73","C:\Users\haswa.HASWANTH\Downloads\et_data\datasets\15_Web_Assets\7603.55541f2a2b43fafe14ba.js.download","2026-06-24 21:10:49"
"7641.df5be293884014e95265.js.download",".download","16.28","C:\Users\haswa.HASWANTH\Downloads\et_data\datasets\15_Web_Assets\7641.df5be293884014e95265.js.download","2026-06-24 21:10:50"
"7676.83fb801e00cd415bd660.js.download",".download","35.02","C:\Users\haswa.HASWANTH\Downloads\et_data\datasets\15_Web_Assets\7676.83fb801e00cd415bd660.js.download","2026-06-24 21:11:00"
"7725.c6f9b333c0ea345c6f67.js.download",".download","21.35","C:\Users\haswa.HASWANTH\Downloads\et_data\datasets\15_Web_Assets\7725.c6f9b333c0ea345c6f67.js.download","2026-06-24 21:10:52"
"7738.13607e3ae7d63dfe1bdc.js.download",".download","33.96","C:\Users\haswa.HASWANTH\Downloads\et_data\datasets\15_Web_Assets\7738.13607e3ae7d63dfe1bdc.js.download","2026-06-24 21:11:00"
"7844.24682ef2a9ceda568055.js.download",".download","2.71","C:\Users\haswa.HASWANTH\Downloads\et_data\datasets\15_Web_Assets\7844.24682ef2a9ceda568055.js.download","2026-06-24 21:10:57"
"7989.db03dd1621353edd1cca.css",".css","77.52","C:\Users\haswa.HASWANTH\Downloads\et_data\datasets\15_Web_Assets\7989.db03dd1621353edd1cca.css","2026-06-24 21:10:45"
"8058.b453e236d73a530a6ddd.js.download",".download","4.38","C:\Users\haswa.HASWANTH\Downloads\et_data\datasets\15_Web_Assets\8058.b453e236d73a530a6ddd.js.download","2026-06-24 21:10:50"
"8082.8448582f302bf08cf212.js.download",".download","38.56","C:\Users\haswa.HASWANTH\Downloads\et_data\datasets\15_Web_Assets\8082.8448582f302bf08cf212.js.download","2026-06-24 21:10:57"
"8093.30a96021c7771a94522c.js.download",".download","19.29","C:\Users\haswa.HASWANTH\Downloads\et_data\datasets\15_Web_Assets\8093.30a96021c7771a94522c.js.download","2026-06-24 21:10:51"
"8260.289c07f023c706d26c7d.css",".css","19.18","C:\Users\haswa.HASWANTH\Downloads\et_data\datasets\15_Web_Assets\8260.289c07f023c706d26c7d.css","2026-06-24 21:10:48"
"8267.9a4706cdf2a5a9152471.js.download",".download","13.24","C:\Users\haswa.HASWANTH\Downloads\et_data\datasets\15_Web_Assets\8267.9a4706cdf2a5a9152471.js.download","2026-06-24 21:10:55"
"8315.61457bd6311ac394c0db.js.download",".download","13.65","C:\Users\haswa.HASWANTH\Downloads\et_data\datasets\15_Web_Assets\8315.61457bd6311ac394c0db.js.download","2026-06-24 21:10:52"
"8427.cf01df184a230d192370.css",".css","43.7","C:\Users\haswa.HASWANTH\Downloads\et_data\datasets\15_Web_Assets\8427.cf01df184a230d192370.css","2026-06-24 21:10:47"
"8479.14c4eb7882c51eb91d50.js.download",".download","33.62","C:\Users\haswa.HASWANTH\Downloads\et_data\datasets\15_Web_Assets\8479.14c4eb7882c51eb91d50.js.download","2026-06-24 21:11:01"
"8543.86a07cdf10876e1b0ccd.css",".css","26.77","C:\Users\haswa.HASWANTH\Downloads\et_data\datasets\15_Web_Assets\8543.86a07cdf10876e1b0ccd.css","2026-06-24 21:10:44"
"8565.3651b7d962f3db54fa34.js.download",".download","15.11","C:\Users\haswa.HASWANTH\Downloads\et_data\datasets\15_Web_Assets\8565.3651b7d962f3db54fa34.js.download","2026-06-24 21:10:55"
"8586.ac0ea238e1b1756e9bd7.js.download",".download","38.72","C:\Users\haswa.HASWANTH\Downloads\et_data\datasets\15_Web_Assets\8586.ac0ea238e1b1756e9bd7.js.download","2026-06-24 21:10:52"
"8699.c0f06e067a2143e69ecd.js.download",".download","14.54","C:\Users\haswa.HASWANTH\Downloads\et_data\datasets\15_Web_Assets\8699.c0f06e067a2143e69ecd.js.download","2026-06-24 21:10:55"
"8826.486d0192113493ddcb7d.js.download",".download","1.99","C:\Users\haswa.HASWANTH\Downloads\et_data\datasets\15_Web_Assets\8826.486d0192113493ddcb7d.js.download","2026-06-24 21:10:59"
"8946.0ccccae573882002229e.js.download",".download","3.24","C:\Users\haswa.HASWANTH\Downloads\et_data\datasets\15_Web_Assets\8946.0ccccae573882002229e.js.download","2026-06-24 21:10:56"
"9164.20cfb822db891e4976e5.js.download",".download","26.6","C:\Users\haswa.HASWANTH\Downloads\et_data\datasets\15_Web_Assets\9164.20cfb822db891e4976e5.js.download","2026-06-24 21:10:54"
"9195.80e710c4fd6b866d5f7f.js.download",".download","0.44","C:\Users\haswa.HASWANTH\Downloads\et_data\datasets\15_Web_Assets\9195.80e710c4fd6b866d5f7f.js.download","2026-06-24 21:10:57"
"9483.75056513e68a7f0cc785.js.download",".download","15.36","C:\Users\haswa.HASWANTH\Downloads\et_data\datasets\15_Web_Assets\9483.75056513e68a7f0cc785.js.download","2026-06-24 21:11:00"
"9484.0237c1f8ddfebbc3d885.js.download",".download","47.19","C:\Users\haswa.HASWANTH\Downloads\et_data\datasets\15_Web_Assets\9484.0237c1f8ddfebbc3d885.js.download","2026-06-24 21:11:00"
"9488.0a6f041258b191b5ea62.js.download",".download","10.35","C:\Users\haswa.HASWANTH\Downloads\et_data\datasets\15_Web_Assets\9488.0a6f041258b191b5ea62.js.download","2026-06-24 21:10:55"
"9518.ee4d6e610816a48a2b11.js.download",".download","29.87","C:\Users\haswa.HASWANTH\Downloads\et_data\datasets\15_Web_Assets\9518.ee4d6e610816a48a2b11.js.download","2026-06-24 21:10:55"
"9917.8db9e934b6456ddfa478.css",".css","42.61","C:\Users\haswa.HASWANTH\Downloads\et_data\datasets\15_Web_Assets\9917.8db9e934b6456ddfa478.css","2026-06-24 21:10:45"
"bundle.min.js.download",".download","77.63","C:\Users\haswa.HASWANTH\Downloads\et_data\datasets\15_Web_Assets\bundle.min.js.download","2026-06-24 21:11:03"
"embeds_new~542a9460.9ecb25368571f875b8c8.css",".css","10.71","C:\Users\haswa.HASWANTH\Downloads\et_data\datasets\15_Web_Assets\embeds_new~542a9460.9ecb25368571f875b8c8.css","2026-06-24 21:10:48"
"embeds_new~9bd77f73.6fc4ce656bf508470335.js.download",".download","22.67","C:\Users\haswa.HASWANTH\Downloads\et_data\datasets\15_Web_Assets\embeds_new~9bd77f73.6fc4ce656bf508470335.js.download","2026-06-24 21:11:01"
"embeds_new~bde52cb3.df058d4898619dbd156e.js.download",".download","36.13","C:\Users\haswa.HASWANTH\Downloads\et_data\datasets\15_Web_Assets\embeds_new~bde52cb3.df058d4898619dbd156e.js.download","2026-06-24 21:11:01"
"inner.html",".html","212.15","C:\Users\haswa.HASWANTH\Downloads\et_data\datasets\15_Web_Assets\inner.html","2026-06-24 21:11:05"
"jquery-3.7.1.min.js.download",".download","85.48","C:\Users\haswa.HASWANTH\Downloads\et_data\datasets\15_Web_Assets\jquery-3.7.1.min.js.download","2026-06-24 21:10:48"
"m-outer-15a2b40a058ddff1cffdb63779fe3de1.js.download",".download","0.51","C:\Users\haswa.HASWANTH\Downloads\et_data\datasets\15_Web_Assets\m-outer-15a2b40a058ddff1cffdb63779fe3de1.js.download","2026-06-24 21:10:18"
"m-outer-3437aaddcdf6922d623e172c2d6f9278.html",".html","211.42","C:\Users\haswa.HASWANTH\Downloads\et_data\datasets\15_Web_Assets\m-outer-3437aaddcdf6922d623e172c2d6f9278.html","2026-06-24 21:11:05"
"nova_styles_scribd.3052077cc4855597f2af.js.download",".download","1.27","C:\Users\haswa.HASWANTH\Downloads\et_data\datasets\15_Web_Assets\nova_styles_scribd.3052077cc4855597f2af.js.download","2026-06-24 21:11:03"
"osano.js.download",".download","377.47","C:\Users\haswa.HASWANTH\Downloads\et_data\datasets\15_Web_Assets\osano.js.download","2026-06-24 21:10:35"
"out-4.5.45.js.download",".download","86.66","C:\Users\haswa.HASWANTH\Downloads\et_data\datasets\15_Web_Assets\out-4.5.45.js.download","2026-06-24 21:10:18"
"rewriteframes.min.js.download",".download","2.21","C:\Users\haswa.HASWANTH\Downloads\et_data\datasets\15_Web_Assets\rewriteframes.min.js.download","2026-06-24 21:11:03"
"saved_resource","","263.04","C:\Users\haswa.HASWANTH\Downloads\et_data\datasets\15_Web_Assets\saved_resource","2026-06-24 21:10:25"
"saved_resource(1)","","1004.88","C:\Users\haswa.HASWANTH\Downloads\et_data\datasets\15_Web_Assets\saved_resource(1)","2026-06-24 21:10:35"
"saved_resource(2).html",".html","0.15","C:\Users\haswa.HASWANTH\Downloads\et_data\datasets\15_Web_Assets\saved_resource(2).html","2026-06-24 21:11:05"
"saved_resource(3).html",".html","0.15","C:\Users\haswa.HASWANTH\Downloads\et_data\datasets\15_Web_Assets\saved_resource(3).html","2026-06-24 21:11:05"
"saved_resource.html",".html","0.15","C:\Users\haswa.HASWANTH\Downloads\et_data\datasets\15_Web_Assets\saved_resource.html","2026-06-24 21:11:05"
"Scribd.html",".html","447.58","C:\Users\haswa.HASWANTH\Downloads\et_data\datasets\15_Web_Assets\Scribd.html","2026-06-24 21:11:05"
"sdk.js.download",".download","12.17","C:\Users\haswa.HASWANTH\Downloads\et_data\datasets\15_Web_Assets\sdk.js.download","2026-06-24 21:11:03"
"vendors-core~0b81a55c.fa7b150bf88060fced87.js.download",".download","113.84","C:\Users\haswa.HASWANTH\Downloads\et_data\datasets\15_Web_Assets\vendors-core~0b81a55c.fa7b150bf88060fced87.js.download","2026-06-24 21:10:49"
"vendors-core~49ceb22a.bd811d0a380860a261de.js.download",".download","10.41","C:\Users\haswa.HASWANTH\Downloads\et_data\datasets\15_Web_Assets\vendors-core~49ceb22a.bd811d0a380860a261de.js.download","2026-06-24 21:10:49"
"vendors-core~707aa219.4a1cf49104a8fca60b7c.js.download",".download","8.84","C:\Users\haswa.HASWANTH\Downloads\et_data\datasets\15_Web_Assets\vendors-core~707aa219.4a1cf49104a8fca60b7c.js.download","2026-06-24 21:10:49"
"vendors-core~bc71bce7.d9b23532de27d0476ca0.js.download",".download","40.05","C:\Users\haswa.HASWANTH\Downloads\et_data\datasets\15_Web_Assets\vendors-core~bc71bce7.d9b23532de27d0476ca0.js.download","2026-06-24 21:10:48"
"vendors-core~d2eb5610.7ea92240a0bac0b9b491.js.download",".download","24.59","C:\Users\haswa.HASWANTH\Downloads\et_data\datasets\15_Web_Assets\vendors-core~d2eb5610.7ea92240a0bac0b9b491.js.download","2026-06-24 21:10:48"
"duplicates.csv",".csv","0.25","C:\Users\haswa.HASWANTH\Downloads\et_data\datasets\metadata\duplicates.csv","2026-06-29 18:47:44"
"metadata.csv",".csv","27.53","C:\Users\haswa.HASWANTH\Downloads\et_data\datasets\metadata\metadata.csv","2026-06-29 18:47:22"
