"Filename","DocumentType","Equipment","Vendor","Category","Extension","Pages","SourceFolder","DestinationFolder"
"Data Center RFI Response - Geothermal Rising.pdf","RFI","N/A","Various","Project_Communications",".pdf","N/A","Root/RAG","c:\Users\haswa.HASWANTH\Downloads\et_data\datasets\04_Project_Communications\RFIs"
"Grid-Action-Data-Center-RFI-Response-05-07-25.pdf","RFI","N/A","Various","Project_Communications",".pdf","N/A","Root/RAG","c:\Users\haswa.HASWANTH\Downloads\et_data\datasets\04_Project_Communications\RFIs"
"Impact & Control of RFIs on Construction Projects.pdf","RFI","N/A","Various","Project_Communications",".pdf","N/A","Root/RAG","c:\Users\haswa.HASWANTH\Downloads\et_data\datasets\04_Project_Communications\RFIs"
"Questions and Answers_3.pdf","RFI","N/A","Various","Project_Communications",".pdf","N/A","Root/RAG","c:\Users\haswa.HASWANTH\Downloads\et_data\datasets\04_Project_Communications\RFIs"
"RFI 10887-25 Questions and Answers 12.1.25.pdf","RFI","N/A","Various","Project_Communications",".pdf","N/A","Root/RAG","c:\Users\haswa.HASWANTH\Downloads\et_data\datasets\04_Project_Communications\RFIs"
"RFI 10887-25 Questions and Answers 12.8.25.pdf","RFI","N/A","Various","Project_Communications",".pdf","N/A","Root/RAG","c:\Users\haswa.HASWANTH\Downloads\et_data\datasets\04_Project_Communications\RFIs"
"rfi for cloud adoption.pdf","RFI","N/A","Various","Project_Communications",".pdf","N/A","Root/RAG","c:\Users\haswa.HASWANTH\Downloads\et_data\datasets\04_Project_Communications\RFIs"
"RFI to Inform Public Bids to Construct AI Infrastructure (website copy).pdf","RFI","N/A","Various","Project_Communications",".pdf","N/A","Root/RAG","c:\Users\haswa.HASWANTH\Downloads\et_data\datasets\04_Project_Communications\RFIs"
"RFI-Template-for-PCI-3.0.pdf","RFI","N/A","Various","Project_Communications",".pdf","N/A","Root/RAG","c:\Users\haswa.HASWANTH\Downloads\et_data\datasets\04_Project_Communications\RFIs"
"RFI_.pdf","RFI","N/A","Various","Project_Communications",".pdf","N/A","Root/RAG","c:\Users\haswa.HASWANTH\Downloads\et_data\datasets\04_Project_Communications\RFIs"
"rfi_quick_reference_guide.pdf","RFI","N/A","Various","Project_Communications",".pdf","N/A","Root/RAG","c:\Users\haswa.HASWANTH\Downloads\et_data\datasets\04_Project_Communications\RFIs"
"SIIA-RFI-Response-–-Accelerating-Speed-to-Power.pdf","RFI","N/A","Various","Project_Communications",".pdf","N/A","Root/RAG","c:\Users\haswa.HASWANTH\Downloads\et_data\datasets\04_Project_Communications\RFIs"
"TR-524_RFI_Template_for_Migration_to__SDN.pdf","RFI","N/A","Various","Project_Communications",".pdf","N/A","Root/RAG","c:\Users\haswa.HASWANTH\Downloads\et_data\datasets\04_Project_Communications\RFIs"
"ABB_UPS_ISG_MGF_SUL_1M0_1M6_1US_REV-B.pdf","Equipment_Specification","UPS","ABB","Equipment_Specifications",".pdf","N/A","Root","c:\Users\haswa.HASWANTH\Downloads\et_data\datasets\02_Equipment_Specifications\UPS"
"eaton-93e-ups-15-80-kva-installation-and-operation-manual-614-01975-00-en.pdf","Equipment_Specification","UPS","Eaton","Equipment_Specifications",".pdf","N/A","Root","c:\Users\haswa.HASWANTH\Downloads\et_data\datasets\02_Equipment_Specifications\UPS"
"UPSBikaner_1b362a61-e126-4f9c-96871714483017301_buycon165.cb.rj.pdf","Equipment_Specification","UPS","Various","Equipment_Specifications",".pdf","N/A","Root","c:\Users\haswa.HASWANTH\Downloads\et_data\datasets\02_Equipment_Specifications\UPS"
"eaton-93t-ups-commissioning-instructions-en-us.pdf","Commissioning","UPS","Eaton","Commissioning",".pdf","N/A","Root","c:\Users\haswa.HASWANTH\Downloads\et_data\datasets\03_Commissioning\UPS"
"uninterruptible-power-supply-battery-acceptance-capacity-test-procedure.pdf","Commissioning","UPS","Various","Commissioning",".pdf","N/A","Root","c:\Users\haswa.HASWANTH\Downloads\et_data\datasets\03_Commissioning\UPS"
"LEBW4993-04_Generator_systems.pdf","Equipment_Specification","Generator","CAT/Caterpillar","Equipment_Specifications",".pdf","N/A","Root","c:\Users\haswa.HASWANTH\Downloads\et_data\datasets\02_Equipment_Specifications\Generator"
"Specifying Standby Generator Set Requirements for Data Centers 2022-08-10.pdf","Equipment_Specification","Generator","Various","Equipment_Specifications",".pdf","N/A","Root","c:\Users\haswa.HASWANTH\Downloads\et_data\datasets\02_Equipment_Specifications\Generator"
"Automatic Transfer Switches Brochure.pdf","Equipment_Specification","ATS/Switchgear","Various","Equipment_Specifications",".pdf","N/A","Root","c:\Users\haswa.HASWANTH\Downloads\et_data\datasets\02_Equipment_Specifications\Switchgear"
"Technical_Note_178_AutomaticTransferSwitch_Technology_Drives.pdf","Equipment_Specification","ATS/Switchgear","Various","Equipment_Specifications",".pdf","N/A","Root","c:\Users\haswa.HASWANTH\Downloads\et_data\datasets\02_Equipment_Specifications\Switchgear"
"ASCO-load-bank-utilization-in-data-centers-wp-en-na_144401_0.pdf","Research_Paper","Various","ASCO","Research_Papers",".pdf","N/A","Root","c:\Users\haswa.HASWANTH\Downloads\et_data\datasets\12_Research_Papers"
"ComRent-White-Paper.pdf","Research_Paper","Various","ComRent","Research_Papers",".pdf","N/A","Root","c:\Users\haswa.HASWANTH\Downloads\et_data\datasets\12_Research_Papers"
"DataCenter-WhitePaper.pdf","Research_Paper","Various","Various","Research_Papers",".pdf","N/A","Root","c:\Users\haswa.HASWANTH\Downloads\et_data\datasets\12_Research_Papers"
"Load-Bank-Use-in-Data-Centers-2022-r2.pdf","Research_Paper","Various","Various","Research_Papers",".pdf","N/A","Root","c:\Users\haswa.HASWANTH\Downloads\et_data\datasets\12_Research_Papers"
"MarkSiira.pdf","Research_Paper","Various","Various","Research_Papers",".pdf","N/A","Root","c:\Users\haswa.HASWANTH\Downloads\et_data\datasets\12_Research_Papers"
"Rentaload-White-Paper-March-2019.pdf","Research_Paper","Various","Rentaload","Research_Papers",".pdf","N/A","Root","c:\Users\haswa.HASWANTH\Downloads\et_data\datasets\12_Research_Papers"
"SERBCA-Tech-Summit-2019.pdf","Research_Paper","Various","Various","Research_Papers",".pdf","N/A","Root","c:\Users\haswa.HASWANTH\Downloads\et_data\datasets\12_Research_Papers"
"1643004902.pdf","Unclassified","Unknown","Unknown","Unclassified",".pdf","N/A","Root","c:\Users\haswa.HASWANTH\Downloads\et_data\datasets\14_Unclassified"
"1709616080.pdf","Unclassified","Unknown","Unknown","Unclassified",".pdf","N/A","Root","c:\Users\haswa.HASWANTH\Downloads\et_data\datasets\14_Unclassified"
"53390-le15465aa-rev03-en.pdf","Unclassified","Unknown","Unknown","Unclassified",".pdf","N/A","Root","c:\Users\haswa.HASWANTH\Downloads\et_data\datasets\14_Unclassified"
"87b400bd21c09c89710be2c5f7ca37f7.pdf","Unclassified","Unknown","Unknown","Unclassified",".pdf","N/A","Root","c:\Users\haswa.HASWANTH\Downloads\et_data\datasets\14_Unclassified"
"e193content.pdf","Unclassified","Unknown","Unknown","Unclassified",".pdf","N/A","Root","c:\Users\haswa.HASWANTH\Downloads\et_data\datasets\14_Unclassified"
"e210.pdf","Unclassified","Unknown","Unknown","Unclassified",".pdf","N/A","Root","c:\Users\haswa.HASWANTH\Downloads\et_data\datasets\14_Unclassified"
"ml11229a127.pdf","Unclassified","Unknown","Unknown","Unclassified",".pdf","N/A","Root","c:\Users\haswa.HASWANTH\Downloads\et_data\datasets\14_Unclassified"
"1-3ef340648f.jpg","Web_Asset","N/A","Scribd","Web_Assets",".jpg","N/A","Scribd_files","c:\Users\haswa.HASWANTH\Downloads\et_data\datasets\15_Web_Assets"
"1155.9df2deb79ebc8fc8297c.css","Web_Asset","N/A","Scribd","Web_Assets",".css","N/A","Scribd_files","c:\Users\haswa.HASWANTH\Downloads\et_data\datasets\15_Web_Assets"
"1282.37da8d2496732c17626a.js.download","Web_Asset","N/A","Scribd","Web_Assets",".download","N/A","Scribd_files","c:\Users\haswa.HASWANTH\Downloads\et_data\datasets\15_Web_Assets"
"1386.aba098bac7d6f1821021.js.download","Web_Asset","N/A","Scribd","Web_Assets",".download","N/A","Scribd_files","c:\Users\haswa.HASWANTH\Downloads\et_data\datasets\15_Web_Assets"
"1428.4d3e3a89666a762168e8.js.download","Web_Asset","N/A","Scribd","Web_Assets",".download","N/A","Scribd_files","c:\Users\haswa.HASWANTH\Downloads\et_data\datasets\15_Web_Assets"
"1464.8d7ad6d25a386e91f503.js.download","Web_Asset","N/A","Scribd","Web_Assets",".download","N/A","Scribd_files","c:\Users\haswa.HASWANTH\Downloads\et_data\datasets\15_Web_Assets"
"1827.b296017ace7c6674f5f5.js.download","Web_Asset","N/A","Scribd","Web_Assets",".download","N/A","Scribd_files","c:\Users\haswa.HASWANTH\Downloads\et_data\datasets\15_Web_Assets"
"1940.b7ee934cc83666698451.js.download","Web_Asset","N/A","Scribd","Web_Assets",".download","N/A","Scribd_files","c:\Users\haswa.HASWANTH\Downloads\et_data\datasets\15_Web_Assets"
"2072.ef903f29b16bd746af38.js.download","Web_Asset","N/A","Scribd","Web_Assets",".download","N/A","Scribd_files","c:\Users\haswa.HASWANTH\Downloads\et_data\datasets\15_Web_Assets"
"2139.67b1ce8a69366e6f78af.css","Web_Asset","N/A","Scribd","Web_Assets",".css","N/A","Scribd_files","c:\Users\haswa.HASWANTH\Downloads\et_data\datasets\15_Web_Assets"
"2157.40f56f6dc97cadb91f7c.css","Web_Asset","N/A","Scribd","Web_Assets",".css","N/A","Scribd_files","c:\Users\haswa.HASWANTH\Downloads\et_data\datasets\15_Web_Assets"
"2183.120b723a1e2271816c77.css","Web_Asset","N/A","Scribd","Web_Assets",".css","N/A","Scribd_files","c:\Users\haswa.HASWANTH\Downloads\et_data\datasets\15_Web_Assets"
"2322.70f264c85b6d5f324d8f.js.download","Web_Asset","N/A","Scribd","Web_Assets",".download","N/A","Scribd_files","c:\Users\haswa.HASWANTH\Downloads\et_data\datasets\15_Web_Assets"
"2422.91525003e831f5f25024.js.download","Web_Asset","N/A","Scribd","Web_Assets",".download","N/A","Scribd_files","c:\Users\haswa.HASWANTH\Downloads\et_data\datasets\15_Web_Assets"
"253.5a473225c29748cea4ed.js.download","Web_Asset","N/A","Scribd","Web_Assets",".download","N/A","Scribd_files","c:\Users\haswa.HASWANTH\Downloads\et_data\datasets\15_Web_Assets"
"2667.445918039cd588929511.css","Web_Asset","N/A","Scribd","Web_Assets",".css","N/A","Scribd_files","c:\Users\haswa.HASWANTH\Downloads\et_data\datasets\15_Web_Assets"
"2687.662739d58f8630957c57.js.download","Web_Asset","N/A","Scribd","Web_Assets",".download","N/A","Scribd_files","c:\Users\haswa.HASWANTH\Downloads\et_data\datasets\15_Web_Assets"
"2787.044dd507fc18ab5e16fd.css","Web_Asset","N/A","Scribd","Web_Assets",".css","N/A","Scribd_files","c:\Users\haswa.HASWANTH\Downloads\et_data\datasets\15_Web_Assets"
"2870.0539c453f183ce7203b0.js.download","Web_Asset","N/A","Scribd","Web_Assets",".download","N/A","Scribd_files","c:\Users\haswa.HASWANTH\Downloads\et_data\datasets\15_Web_Assets"
"2883.c83a4d9483b27008b534.js.download","Web_Asset","N/A","Scribd","Web_Assets",".download","N/A","Scribd_files","c:\Users\haswa.HASWANTH\Downloads\et_data\datasets\15_Web_Assets"
"2891.2b70a09fdb7a4002a1e0.js.download","Web_Asset","N/A","Scribd","Web_Assets",".download","N/A","Scribd_files","c:\Users\haswa.HASWANTH\Downloads\et_data\datasets\15_Web_Assets"
"3045.6dffd33c0ecbf538962c.css","Web_Asset","N/A","Scribd","Web_Assets",".css","N/A","Scribd_files","c:\Users\haswa.HASWANTH\Downloads\et_data\datasets\15_Web_Assets"
"3106.31d6cfe0d16ae931b73c.css","Web_Asset","N/A","Scribd","Web_Assets",".css","N/A","Scribd_files","c:\Users\haswa.HASWANTH\Downloads\et_data\datasets\15_Web_Assets"
"3264.165e9869e35f6e4bd9a4.js.download","Web_Asset","N/A","Scribd","Web_Assets",".download","N/A","Scribd_files","c:\Users\haswa.HASWANTH\Downloads\et_data\datasets\15_Web_Assets"
"334.c992b9e56a04a12cc5dd.js.download","Web_Asset","N/A","Scribd","Web_Assets",".download","N/A","Scribd_files","c:\Users\haswa.HASWANTH\Downloads\et_data\datasets\15_Web_Assets"
"3342.d6761c1628336bd03b4d.js.download","Web_Asset","N/A","Scribd","Web_Assets",".download","N/A","Scribd_files","c:\Users\haswa.HASWANTH\Downloads\et_data\datasets\15_Web_Assets"
"3589.f95199b6cc51e1122265.js.download","Web_Asset","N/A","Scribd","Web_Assets",".download","N/A","Scribd_files","c:\Users\haswa.HASWANTH\Downloads\et_data\datasets\15_Web_Assets"
"3622.231688cf9e7118fe60d7.js.download","Web_Asset","N/A","Scribd","Web_Assets",".download","N/A","Scribd_files","c:\Users\haswa.HASWANTH\Downloads\et_data\datasets\15_Web_Assets"
"364.3d3338bf70237bd97d86.js.download","Web_Asset","N/A","Scribd","Web_Assets",".download","N/A","Scribd_files","c:\Users\haswa.HASWANTH\Downloads\et_data\datasets\15_Web_Assets"
"3664.d070dc318b4dbaac3ac5.js.download","Web_Asset","N/A","Scribd","Web_Assets",".download","N/A","Scribd_files","c:\Users\haswa.HASWANTH\Downloads\et_data\datasets\15_Web_Assets"
"3743.c7e3b2a8d51f72d401f9.js.download","Web_Asset","N/A","Scribd","Web_Assets",".download","N/A","Scribd_files","c:\Users\haswa.HASWANTH\Downloads\et_data\datasets\15_Web_Assets"
"3772.32ee18ecc1b0db735e18.js.download","Web_Asset","N/A","Scribd","Web_Assets",".download","N/A","Scribd_files","c:\Users\haswa.HASWANTH\Downloads\et_data\datasets\15_Web_Assets"
"3896.e0adf97f3751fc7ebd46.js.download","Web_Asset","N/A","Scribd","Web_Assets",".download","N/A","Scribd_files","c:\Users\haswa.HASWANTH\Downloads\et_data\datasets\15_Web_Assets"
"3952.6c83a0e531c327e5d9a9.js.download","Web_Asset","N/A","Scribd","Web_Assets",".download","N/A","Scribd_files","c:\Users\haswa.HASWANTH\Downloads\et_data\datasets\15_Web_Assets"
"4020.a986aa77f6c25f93ae13.css","Web_Asset","N/A","Scribd","Web_Assets",".css","N/A","Scribd_files","c:\Users\haswa.HASWANTH\Downloads\et_data\datasets\15_Web_Assets"
"4058.9dbbbe390026fe778c0f.js.download","Web_Asset","N/A","Scribd","Web_Assets",".download","N/A","Scribd_files","c:\Users\haswa.HASWANTH\Downloads\et_data\datasets\15_Web_Assets"
"4149.a7b0fdd4e83083b7e4e9.js.download","Web_Asset","N/A","Scribd","Web_Assets",".download","N/A","Scribd_files","c:\Users\haswa.HASWANTH\Downloads\et_data\datasets\15_Web_Assets"
"4221.1f3aafdf794bb2d8cf2c.js.download","Web_Asset","N/A","Scribd","Web_Assets",".download","N/A","Scribd_files","c:\Users\haswa.HASWANTH\Downloads\et_data\datasets\15_Web_Assets"
"4401.21e782546fd6c14e128d.js.download","Web_Asset","N/A","Scribd","Web_Assets",".download","N/A","Scribd_files","c:\Users\haswa.HASWANTH\Downloads\et_data\datasets\15_Web_Assets"
"4563.beab5db81bc39418fd20.js.download","Web_Asset","N/A","Scribd","Web_Assets",".download","N/A","Scribd_files","c:\Users\haswa.HASWANTH\Downloads\et_data\datasets\15_Web_Assets"
"4583.cc294922e72a33abf11a.js.download","Web_Asset","N/A","Scribd","Web_Assets",".download","N/A","Scribd_files","c:\Users\haswa.HASWANTH\Downloads\et_data\datasets\15_Web_Assets"
"4627.2ddad72da228396cec0f.js.download","Web_Asset","N/A","Scribd","Web_Assets",".download","N/A","Scribd_files","c:\Users\haswa.HASWANTH\Downloads\et_data\datasets\15_Web_Assets"
"4647.2cbfc398ae75acaec0eb.css","Web_Asset","N/A","Scribd","Web_Assets",".css","N/A","Scribd_files","c:\Users\haswa.HASWANTH\Downloads\et_data\datasets\15_Web_Assets"
"4768.ae9b8fe1c1f508e3e9cd.css","Web_Asset","N/A","Scribd","Web_Assets",".css","N/A","Scribd_files","c:\Users\haswa.HASWANTH\Downloads\et_data\datasets\15_Web_Assets"
"4828.be0392f62c78db4f4fa8.js.download","Web_Asset","N/A","Scribd","Web_Assets",".download","N/A","Scribd_files","c:\Users\haswa.HASWANTH\Downloads\et_data\datasets\15_Web_Assets"
"4962.a523890f7c7f289adb14.js.download","Web_Asset","N/A","Scribd","Web_Assets",".download","N/A","Scribd_files","c:\Users\haswa.HASWANTH\Downloads\et_data\datasets\15_Web_Assets"
"5194.cc803ec3dfbedacacf33.js.download","Web_Asset","N/A","Scribd","Web_Assets",".download","N/A","Scribd_files","c:\Users\haswa.HASWANTH\Downloads\et_data\datasets\15_Web_Assets"
"5250.f05f96ed9a1b3b4b616a.js.download","Web_Asset","N/A","Scribd","Web_Assets",".download","N/A","Scribd_files","c:\Users\haswa.HASWANTH\Downloads\et_data\datasets\15_Web_Assets"
"5309.c1dde9c7fdaaec987b4a.js.download","Web_Asset","N/A","Scribd","Web_Assets",".download","N/A","Scribd_files","c:\Users\haswa.HASWANTH\Downloads\et_data\datasets\15_Web_Assets"
"5327.b16b4cdcea0fef8924fe.js.download","Web_Asset","N/A","Scribd","Web_Assets",".download","N/A","Scribd_files","c:\Users\haswa.HASWANTH\Downloads\et_data\datasets\15_Web_Assets"
"5425.322fa49d35dfffbc7e6e.js.download","Web_Asset","N/A","Scribd","Web_Assets",".download","N/A","Scribd_files","c:\Users\haswa.HASWANTH\Downloads\et_data\datasets\15_Web_Assets"
"5526.ea1a990e551abf0c2827.css","Web_Asset","N/A","Scribd","Web_Assets",".css","N/A","Scribd_files","c:\Users\haswa.HASWANTH\Downloads\et_data\datasets\15_Web_Assets"
"5644.42d6041928a3300b4b75.css","Web_Asset","N/A","Scribd","Web_Assets",".css","N/A","Scribd_files","c:\Users\haswa.HASWANTH\Downloads\et_data\datasets\15_Web_Assets"
"5791.964551ed2862cde44493.js.download","Web_Asset","N/A","Scribd","Web_Assets",".download","N/A","Scribd_files","c:\Users\haswa.HASWANTH\Downloads\et_data\datasets\15_Web_Assets"
"5914.94b08a02a90700ccbf56.js.download","Web_Asset","N/A","Scribd","Web_Assets",".download","N/A","Scribd_files","c:\Users\haswa.HASWANTH\Downloads\et_data\datasets\15_Web_Assets"
"5973.e6a03e136017cfad5b70.js.download","Web_Asset","N/A","Scribd","Web_Assets",".download","N/A","Scribd_files","c:\Users\haswa.HASWANTH\Downloads\et_data\datasets\15_Web_Assets"
"6090.4a822350b47d7405dc1c.js.download","Web_Asset","N/A","Scribd","Web_Assets",".download","N/A","Scribd_files","c:\Users\haswa.HASWANTH\Downloads\et_data\datasets\15_Web_Assets"
"6248.3ed86870ac342c5e499f.js.download","Web_Asset","N/A","Scribd","Web_Assets",".download","N/A","Scribd_files","c:\Users\haswa.HASWANTH\Downloads\et_data\datasets\15_Web_Assets"
"6338.70e981725b7f0b437b2b.js.download","Web_Asset","N/A","Scribd","Web_Assets",".download","N/A","Scribd_files","c:\Users\haswa.HASWANTH\Downloads\et_data\datasets\15_Web_Assets"
"6644.7cc9438c1491e9c7a5e1.css","Web_Asset","N/A","Scribd","Web_Assets",".css","N/A","Scribd_files","c:\Users\haswa.HASWANTH\Downloads\et_data\datasets\15_Web_Assets"
"6644.ec03b8f39da0e30f06cb.js.download","Web_Asset","N/A","Scribd","Web_Assets",".download","N/A","Scribd_files","c:\Users\haswa.HASWANTH\Downloads\et_data\datasets\15_Web_Assets"
"6657.c6f11cfca55cdea856d1.js.download","Web_Asset","N/A","Scribd","Web_Assets",".download","N/A","Scribd_files","c:\Users\haswa.HASWANTH\Downloads\et_data\datasets\15_Web_Assets"
"6799.933ca866434f472e5875.css","Web_Asset","N/A","Scribd","Web_Assets",".css","N/A","Scribd_files","c:\Users\haswa.HASWANTH\Downloads\et_data\datasets\15_Web_Assets"
"7111.e3ff5c966605aa0389d8.css","Web_Asset","N/A","Scribd","Web_Assets",".css","N/A","Scribd_files","c:\Users\haswa.HASWANTH\Downloads\et_data\datasets\15_Web_Assets"
"7470.e69e66697ebec51461d7.js.download","Web_Asset","N/A","Scribd","Web_Assets",".download","N/A","Scribd_files","c:\Users\haswa.HASWANTH\Downloads\et_data\datasets\15_Web_Assets"
"7555.bfada0f6fbe8dd39f2c1.js.download","Web_Asset","N/A","Scribd","Web_Assets",".download","N/A","Scribd_files","c:\Users\haswa.HASWANTH\Downloads\et_data\datasets\15_Web_Assets"
"7603.55541f2a2b43fafe14ba.js.download","Web_Asset","N/A","Scribd","Web_Assets",".download","N/A","Scribd_files","c:\Users\haswa.HASWANTH\Downloads\et_data\datasets\15_Web_Assets"
"7641.df5be293884014e95265.js.download","Web_Asset","N/A","Scribd","Web_Assets",".download","N/A","Scribd_files","c:\Users\haswa.HASWANTH\Downloads\et_data\datasets\15_Web_Assets"
"7676.83fb801e00cd415bd660.js.download","Web_Asset","N/A","Scribd","Web_Assets",".download","N/A","Scribd_files","c:\Users\haswa.HASWANTH\Downloads\et_data\datasets\15_Web_Assets"
"7725.c6f9b333c0ea345c6f67.js.download","Web_Asset","N/A","Scribd","Web_Assets",".download","N/A","Scribd_files","c:\Users\haswa.HASWANTH\Downloads\et_data\datasets\15_Web_Assets"
"7738.13607e3ae7d63dfe1bdc.js.download","Web_Asset","N/A","Scribd","Web_Assets",".download","N/A","Scribd_files","c:\Users\haswa.HASWANTH\Downloads\et_data\datasets\15_Web_Assets"
"7844.24682ef2a9ceda568055.js.download","Web_Asset","N/A","Scribd","Web_Assets",".download","N/A","Scribd_files","c:\Users\haswa.HASWANTH\Downloads\et_data\datasets\15_Web_Assets"
"7989.db03dd1621353edd1cca.css","Web_Asset","N/A","Scribd","Web_Assets",".css","N/A","Scribd_files","c:\Users\haswa.HASWANTH\Downloads\et_data\datasets\15_Web_Assets"
"8058.b453e236d73a530a6ddd.js.download","Web_Asset","N/A","Scribd","Web_Assets",".download","N/A","Scribd_files","c:\Users\haswa.HASWANTH\Downloads\et_data\datasets\15_Web_Assets"
"8082.8448582f302bf08cf212.js.download","Web_Asset","N/A","Scribd","Web_Assets",".download","N/A","Scribd_files","c:\Users\haswa.HASWANTH\Downloads\et_data\datasets\15_Web_Assets"
"8093.30a96021c7771a94522c.js.download","Web_Asset","N/A","Scribd","Web_Assets",".download","N/A","Scribd_files","c:\Users\haswa.HASWANTH\Downloads\et_data\datasets\15_Web_Assets"
"8260.289c07f023c706d26c7d.css","Web_Asset","N/A","Scribd","Web_Assets",".css","N/A","Scribd_files","c:\Users\haswa.HASWANTH\Downloads\et_data\datasets\15_Web_Assets"
"8267.9a4706cdf2a5a9152471.js.download","Web_Asset","N/A","Scribd","Web_Assets",".download","N/A","Scribd_files","c:\Users\haswa.HASWANTH\Downloads\et_data\datasets\15_Web_Assets"
"8315.61457bd6311ac394c0db.js.download","Web_Asset","N/A","Scribd","Web_Assets",".download","N/A","Scribd_files","c:\Users\haswa.HASWANTH\Downloads\et_data\datasets\15_Web_Assets"
"8427.cf01df184a230d192370.css","Web_Asset","N/A","Scribd","Web_Assets",".css","N/A","Scribd_files","c:\Users\haswa.HASWANTH\Downloads\et_data\datasets\15_Web_Assets"
"8479.14c4eb7882c51eb91d50.js.download","Web_Asset","N/A","Scribd","Web_Assets",".download","N/A","Scribd_files","c:\Users\haswa.HASWANTH\Downloads\et_data\datasets\15_Web_Assets"
"8543.86a07cdf10876e1b0ccd.css","Web_Asset","N/A","Scribd","Web_Assets",".css","N/A","Scribd_files","c:\Users\haswa.HASWANTH\Downloads\et_data\datasets\15_Web_Assets"
"8565.3651b7d962f3db54fa34.js.download","Web_Asset","N/A","Scribd","Web_Assets",".download","N/A","Scribd_files","c:\Users\haswa.HASWANTH\Downloads\et_data\datasets\15_Web_Assets"
"8586.ac0ea238e1b1756e9bd7.js.download","Web_Asset","N/A","Scribd","Web_Assets",".download","N/A","Scribd_files","c:\Users\haswa.HASWANTH\Downloads\et_data\datasets\15_Web_Assets"
"8699.c0f06e067a2143e69ecd.js.download","Web_Asset","N/A","Scribd","Web_Assets",".download","N/A","Scribd_files","c:\Users\haswa.HASWANTH\Downloads\et_data\datasets\15_Web_Assets"
"8826.486d0192113493ddcb7d.js.download","Web_Asset","N/A","Scribd","Web_Assets",".download","N/A","Scribd_files","c:\Users\haswa.HASWANTH\Downloads\et_data\datasets\15_Web_Assets"
"8946.0ccccae573882002229e.js.download","Web_Asset","N/A","Scribd","Web_Assets",".download","N/A","Scribd_files","c:\Users\haswa.HASWANTH\Downloads\et_data\datasets\15_Web_Assets"
"9164.20cfb822db891e4976e5.js.download","Web_Asset","N/A","Scribd","Web_Assets",".download","N/A","Scribd_files","c:\Users\haswa.HASWANTH\Downloads\et_data\datasets\15_Web_Assets"
"9195.80e710c4fd6b866d5f7f.js.download","Web_Asset","N/A","Scribd","Web_Assets",".download","N/A","Scribd_files","c:\Users\haswa.HASWANTH\Downloads\et_data\datasets\15_Web_Assets"
"9483.75056513e68a7f0cc785.js.download","Web_Asset","N/A","Scribd","Web_Assets",".download","N/A","Scribd_files","c:\Users\haswa.HASWANTH\Downloads\et_data\datasets\15_Web_Assets"
"9484.0237c1f8ddfebbc3d885.js.download","Web_Asset","N/A","Scribd","Web_Assets",".download","N/A","Scribd_files","c:\Users\haswa.HASWANTH\Downloads\et_data\datasets\15_Web_Assets"
"9488.0a6f041258b191b5ea62.js.download","Web_Asset","N/A","Scribd","Web_Assets",".download","N/A","Scribd_files","c:\Users\haswa.HASWANTH\Downloads\et_data\datasets\15_Web_Assets"
"9518.ee4d6e610816a48a2b11.js.download","Web_Asset","N/A","Scribd","Web_Assets",".download","N/A","Scribd_files","c:\Users\haswa.HASWANTH\Downloads\et_data\datasets\15_Web_Assets"
"9917.8db9e934b6456ddfa478.css","Web_Asset","N/A","Scribd","Web_Assets",".css","N/A","Scribd_files","c:\Users\haswa.HASWANTH\Downloads\et_data\datasets\15_Web_Assets"
"bundle.min.js.download","Web_Asset","N/A","Scribd","Web_Assets",".download","N/A","Scribd_files","c:\Users\haswa.HASWANTH\Downloads\et_data\datasets\15_Web_Assets"
"embeds_new~542a9460.9ecb25368571f875b8c8.css","Web_Asset","N/A","Scribd","Web_Assets",".css","N/A","Scribd_files","c:\Users\haswa.HASWANTH\Downloads\et_data\datasets\15_Web_Assets"
"embeds_new~9bd77f73.6fc4ce656bf508470335.js.download","Web_Asset","N/A","Scribd","Web_Assets",".download","N/A","Scribd_files","c:\Users\haswa.HASWANTH\Downloads\et_data\datasets\15_Web_Assets"
"embeds_new~bde52cb3.df058d4898619dbd156e.js.download","Web_Asset","N/A","Scribd","Web_Assets",".download","N/A","Scribd_files","c:\Users\haswa.HASWANTH\Downloads\et_data\datasets\15_Web_Assets"
"inner.html","Web_Asset","N/A","Scribd","Web_Assets",".html","N/A","Scribd_files","c:\Users\haswa.HASWANTH\Downloads\et_data\datasets\15_Web_Assets"
"jquery-3.7.1.min.js.download","Web_Asset","N/A","Scribd","Web_Assets",".download","N/A","Scribd_files","c:\Users\haswa.HASWANTH\Downloads\et_data\datasets\15_Web_Assets"
"m-outer-15a2b40a058ddff1cffdb63779fe3de1.js.download","Web_Asset","N/A","Scribd","Web_Assets",".download","N/A","Scribd_files","c:\Users\haswa.HASWANTH\Downloads\et_data\datasets\15_Web_Assets"
"m-outer-3437aaddcdf6922d623e172c2d6f9278.html","Web_Asset","N/A","Scribd","Web_Assets",".html","N/A","Scribd_files","c:\Users\haswa.HASWANTH\Downloads\et_data\datasets\15_Web_Assets"
"nova_styles_scribd.3052077cc4855597f2af.js.download","Web_Asset","N/A","Scribd","Web_Assets",".download","N/A","Scribd_files","c:\Users\haswa.HASWANTH\Downloads\et_data\datasets\15_Web_Assets"
"osano.js.download","Web_Asset","N/A","Scribd","Web_Assets",".download","N/A","Scribd_files","c:\Users\haswa.HASWANTH\Downloads\et_data\datasets\15_Web_Assets"
"out-4.5.45.js.download","Web_Asset","N/A","Scribd","Web_Assets",".download","N/A","Scribd_files","c:\Users\haswa.HASWANTH\Downloads\et_data\datasets\15_Web_Assets"
"rewriteframes.min.js.download","Web_Asset","N/A","Scribd","Web_Assets",".download","N/A","Scribd_files","c:\Users\haswa.HASWANTH\Downloads\et_data\datasets\15_Web_Assets"
"saved_resource","Web_Asset","N/A","Scribd","Web_Assets","","N/A","Scribd_files","c:\Users\haswa.HASWANTH\Downloads\et_data\datasets\15_Web_Assets"
"saved_resource(1)","Web_Asset","N/A","Scribd","Web_Assets","","N/A","Scribd_files","c:\Users\haswa.HASWANTH\Downloads\et_data\datasets\15_Web_Assets"
"saved_resource(2).html","Web_Asset","N/A","Scribd","Web_Assets",".html","N/A","Scribd_files","c:\Users\haswa.HASWANTH\Downloads\et_data\datasets\15_Web_Assets"
"saved_resource(3).html","Web_Asset","N/A","Scribd","Web_Assets",".html","N/A","Scribd_files","c:\Users\haswa.HASWANTH\Downloads\et_data\datasets\15_Web_Assets"
"saved_resource.html","Web_Asset","N/A","Scribd","Web_Assets",".html","N/A","Scribd_files","c:\Users\haswa.HASWANTH\Downloads\et_data\datasets\15_Web_Assets"
"Scribd.html","Web_Asset","N/A","Scribd","Web_Assets",".html","N/A","Scribd_files","c:\Users\haswa.HASWANTH\Downloads\et_data\datasets\15_Web_Assets"
"sdk.js.download","Web_Asset","N/A","Scribd","Web_Assets",".download","N/A","Scribd_files","c:\Users\haswa.HASWANTH\Downloads\et_data\datasets\15_Web_Assets"
"vendors-core~0b81a55c.fa7b150bf88060fced87.js.download","Web_Asset","N/A","Scribd","Web_Assets",".download","N/A","Scribd_files","c:\Users\haswa.HASWANTH\Downloads\et_data\datasets\15_Web_Assets"
"vendors-core~49ceb22a.bd811d0a380860a261de.js.download","Web_Asset","N/A","Scribd","Web_Assets",".download","N/A","Scribd_files","c:\Users\haswa.HASWANTH\Downloads\et_data\datasets\15_Web_Assets"
"vendors-core~707aa219.4a1cf49104a8fca60b7c.js.download","Web_Asset","N/A","Scribd","Web_Assets",".download","N/A","Scribd_files","c:\Users\haswa.HASWANTH\Downloads\et_data\datasets\15_Web_Assets"
"vendors-core~bc71bce7.d9b23532de27d0476ca0.js.download","Web_Asset","N/A","Scribd","Web_Assets",".download","N/A","Scribd_files","c:\Users\haswa.HASWANTH\Downloads\et_data\datasets\15_Web_Assets"
"vendors-core~d2eb5610.7ea92240a0bac0b9b491.js.download","Web_Asset","N/A","Scribd","Web_Assets",".download","N/A","Scribd_files","c:\Users\haswa.HASWANTH\Downloads\et_data\datasets\15_Web_Assets"
